{
  "leaderboard": [
    {
      "model": "FoxBrain_v1.2_70B_0630",
      "overall": 0.3418,
      "tmmlu_overall": 0.5039
    },
    {
      "model": "gpt-oss-20b",
      "overall": NaN,
      "tmmlu_overall": 0.5533
    }
  ],
  "details": {
    "FoxBrain_v1.2_70B_0630": {
      "tmmlu_disciplines": {
        "Science": 0.5191943635,
        "Physics": 0.473214286,
        "Pathology": 0.477031802,
        "Reasoning": 0.503597122,
        "Psychology": 0.535681818,
        "Hokkien": 0.294573643,
        "Principles_of_people": 0.64028777,
        "Chemistry": 0.5495015636666666,
        "Analysis": 0.539267016,
        "Studies": 0.438157895,
        "Management": 0.568964183,
        "Social_studies": 0.642857143,
        "Mathematics": 0.6,
        "And_machine_learning": 0.633928571,
        "Language_and_literature": 0.427135678,
        "Humanities": 0.533333333,
        "Document_management": 0.405405405,
        "Principles_of_law": 0.481132075,
        "Science_exam": 0.676056338,
        "Chinese_medicine_clinical_medicine": 0.381294964,
        "Protection": 0.535545024,
        "Law": 0.373809524,
        "Accounting": 0.469767442,
        "Of_taiwan": 0.537760417,
        "Natural_sciences": 0.544811321,
        "Design": 0.58125,
        "Skills": 0.523972603,
        "Banking": 0.407407407,
        "Therapy_for_psychological_disorders": 0.513812155,
        "Chinese_language": 0.625258799,
        "(profession_level)": 0.419753086,
        "Education": 0.586592179,
        "Chinese_exam": 0.685714286,
        "Medical_science": 0.609014675,
        "Math_exam": 0.56,
        "Money_laundering": 0.611940299,
        "Estate": 0.402173913,
        "Pharmacology": 0.527777778,
        "Math": 0.40776699,
        "To_law": 0.481012658,
        "Behavior": 0.598705502,
        "Practice": 0.341645885
      },
      "tmmlu_categories": {
        "Fire": 0.435483871,
        "Secondary": 0.473214286,
        "Veterinary": 0.50240479,
        "Logic": 0.503597122,
        "Clinical": 0.56,
        "Taiwanese": 0.294573643,
        "Three": 0.64028777,
        "Advance": 0.56097561,
        "Financial": 0.539267016,
        "Insurance": 0.438157895,
        "Organic": 0.52293578,
        "Business": 0.482014388,
        "Junior": 0.6258442136,
        "Tve": 0.58783003,
        "Statistics": 0.633928571,
        "Chinese": 0.427135678,
        "Jce": 0.533333333,
        "Official": 0.405405405,
        "General": 0.481132075,
        "Traditional": 0.381294964,
        "National": 0.535545024,
        "Administrative": 0.373809524,
        "Marketing": 0.655913978,
        "Management": 0.469767442,
        "Geography": 0.537760417,
        "Nautical": 0.372050817,
        "Computer": 0.655172414,
        "Culinary": 0.523972603,
        "Finance": 0.407407407,
        "Occupational": 0.513812155,
        "Educational": 0.511363636,
        "Education": 0.419753086,
        "Physical": 0.586592179,
        "Basic": 0.609014675,
        "Anti": 0.611940299,
        "Politic": 0.614070352,
        "Real": 0.402173913,
        "Engineering": 0.40776699,
        "Introduction": 0.481012658,
        "Human": 0.598705502,
        "Trust": 0.341645885
      },
      "general": {
        "penguin_table": 0.75,
        "AIEC": 0.455235205,
        "AITEST": 0.0,
        "TMMLU_Avg": 0.0,
        "TMMLU+_Avg": 0.50398344
      }
    },
    "gpt-oss-20b": {
      "tmmlu_disciplines": {
        "Science": 0.5986685422507028,
        "Physics": 0.625,
        "Pathology": 0.5547703180212014,
        "Reasoning": 0.5611510791366906,
        "Psychology": 0.6485000000000001,
        "Hokkien": 0.3333333333333333,
        "Principles_of_people": 0.5899280575539568,
        "Chemistry": 0.6576081027918835,
        "Analysis": 0.7015706806282722,
        "Studies": 0.4328947368421053,
        "Management": 0.6012996054769087,
        "Social_studies": 0.5634920634920635,
        "Mathematics": 0.7666666666666667,
        "And_machine_learning": 0.7678571428571429,
        "Language_and_literature": 0.4020100502512563,
        "Humanities": 0.4333333333333333,
        "Document_management": 0.4594594594594595,
        "Principles_of_law": 0.3962264150943396,
        "Science_exam": 0.7183098591549296,
        "Chinese_medicine_clinical_medicine": 0.3489208633093525,
        "Protection": 0.4976303317535545,
        "Law": 0.3714285714285714,
        "Accounting": 0.6558139534883721,
        "Of_taiwan": 0.5078125,
        "Natural_sciences": 0.6084905660377359,
        "Design": 0.59375,
        "Skills": 0.4726027397260274,
        "Banking": 0.4814814814814814,
        "Therapy_for_psychological_disorders": 0.6114180478821363,
        "Chinese_language": 0.5652173913043478,
        "(profession_level)": 0.4897119341563786,
        "Education": 0.5698324022346368,
        "Chinese_exam": 0.6285714285714286,
        "Medical_science": 0.7075471698113207,
        "Math_exam": 0.7314285714285714,
        "Money_laundering": 0.5298507462686567,
        "Estate": 0.4782608695652174,
        "Pharmacology": 0.687037037037037,
        "Math": 0.6796116504854369,
        "To_law": 0.4388185654008439,
        "Behavior": 0.6472491909385113,
        "Practice": 0.4014962593516209
      },
      "tmmlu_categories": {
        "Fire": 0.5806451612903226,
        "Secondary": 0.625,
        "Veterinary": 0.6209036775291192,
        "Logic": 0.5611510791366906,
        "Clinical": 0.672,
        "Taiwanese": 0.3333333333333333,
        "Three": 0.5899280575539568,
        "Advance": 0.6504065040650406,
        "Financial": 0.7015706806282722,
        "Insurance": 0.4328947368421053,
        "Organic": 0.6238532110091743,
        "Business": 0.5251798561151079,
        "Junior": 0.6680733031896857,
        "Tve": 0.6335311560021876,
        "Statistics": 0.7678571428571429,
        "Chinese": 0.4020100502512563,
        "Jce": 0.4333333333333333,
        "Official": 0.4594594594594595,
        "General": 0.3962264150943396,
        "Traditional": 0.3489208633093525,
        "National": 0.4976303317535545,
        "Administrative": 0.3714285714285714,
        "Marketing": 0.6774193548387096,
        "Management": 0.6558139534883721,
        "Geography": 0.5078125,
        "Nautical": 0.4900181488203267,
        "Computer": 0.7471264367816092,
        "Culinary": 0.4726027397260274,
        "Finance": 0.4814814814814814,
        "Occupational": 0.6114180478821363,
        "Educational": 0.625,
        "Education": 0.4897119341563786,
        "Physical": 0.5698324022346368,
        "Basic": 0.7075471698113207,
        "Anti": 0.5298507462686567,
        "Politic": 0.5768844221105528,
        "Real": 0.4782608695652174,
        "Engineering": 0.6796116504854369,
        "Introduction": 0.4388185654008439,
        "Human": 0.6472491909385113,
        "Trust": 0.4014962593516209
      },
      "general": {
        "penguin_table": 0.7430555555555556,
        "AIEC": NaN,
        "AITEST": NaN,
        "TMMLU_Avg": 0.0,
        "TMMLU+_Avg": 0.5565559353351298
      }
    }
  }
}
